{
  "logistic_regression": {
    "test_accuracy": 0.8688524590163934,
    "test_precision": 0.8125,
    "test_recall": 0.9285714285714286,
    "test_roc_auc": 0.9664502164502166
  },
  "random_forest": {
    "test_accuracy": 0.9016393442622951,
    "test_precision": 0.84375,
    "test_recall": 0.9642857142857143,
    "test_roc_auc": 0.9448051948051949
  },
  "best_model": {
    "name": "logistic_regression",
    "test_roc_auc": 0.9664502164502166
  }
}